{
  "0": {"cam_K": [542.0634155273438, 0.0, 306.9838101301975, 0.0, 545.404052734375, 233.993986189671, 0.0, 0.0, 1.0], "depth_scale": 1.0},
  "1": {"cam_K": [542.0634155273438, 0.0, 306.9838101301975, 0.0, 545.404052734375, 233.993986189671, 0.0, 0.0, 1.0], "depth_scale": 1.0},
  "2": {"cam_K": [542.0634155273438, 0.0, 306.9838101301975, 0.0, 545.404052734375, 233.993986189671, 0.0, 0.0, 1.0], "depth_scale": 1.0},
  "3": {"cam_K": [542.0634155273438, 0.0, 306.9838101301975, 0.0, 545.404052734375, 233.993986189671, 0.0, 0.0, 1.0], "depth_scale": 1.0},
  "4": {"cam_K": [542.0634155273438, 0.0, 306.9838101301975, 0.0, 545.404052734375, 233.993986189671, 0.0, 0.0, 1.0], "depth_scale": 1.0},
  "5": {"cam_K": [542.0634155273438, 0.0, 306.9838101301975, 0.0, 545.404052734375, 233.993986189671, 0.0, 0.0, 1.0], "depth_scale": 1.0},
  "6": {"cam_K": [542.0634155273438, 0.0, 306.9838101301975, 0.0, 545.404052734375, 233.993986189671, 0.0, 0.0, 1.0], "depth_scale": 1.0},
  "7": {"cam_K": [542.0634155273438, 0.0, 306.9838101301975, 0.0, 545.404052734375, 233.993986189671, 0.0, 0.0, 1.0], "depth_scale": 1.0},
  "8": {"cam_K": [542.0634155273438, 0.0, 306.9838101301975, 0.0, 545.404052734375, 233.993986189671, 0.0, 0.0, 1.0], "depth_scale": 1.0},
  "9": {"cam_K": [542.0634155273438, 0.0, 306.9838101301975, 0.0, 545.404052734375, 233.993986189671, 0.0, 0.0, 1.0], "depth_scale": 1.0},
  "10": {"cam_K": [542.0634155273438, 0.0, 306.9838101301975, 0.0, 545.404052734375, 233.993986189671, 0.0, 0.0, 1.0], "depth_scale": 1.0},
  "11": {"cam_K": [542.0634155273438, 0.0, 306.9838101301975, 0.0, 545.404052734375, 233.993986189671, 0.0, 0.0, 1.0], "depth_scale": 1.0},
  "12": {"cam_K": [542.0634155273438, 0.0, 306.9838101301975, 0.0, 545.404052734375, 233.993986189671, 0.0, 0.0, 1.0], "depth_scale": 1.0},
  "13": {"cam_K": [542.0634155273438, 0.0, 306.9838101301975, 0.0, 545.404052734375, 233.993986189671, 0.0, 0.0, 1.0], "depth_scale": 1.0},
  "14": {"cam_K": [542.0634155273438, 0.0, 306.9838101301975, 0.0, 545.404052734375, 233.993986189671, 0.0, 0.0, 1.0], "depth_scale": 1.0},
  "15": {"cam_K": [542.0634155273438, 0.0, 306.9838101301975, 0.0, 545.404052734375, 233.993986189671, 0.0, 0.0, 1.0], "depth_scale": 1.0},
  "16": {"cam_K": [542.0634155273438, 0.0, 306.9838101301975, 0.0, 545.404052734375, 233.993986189671, 0.0, 0.0, 1.0], "depth_scale": 1.0},
  "17": {"cam_K": [542.0634155273438, 0.0, 306.9838101301975, 0.0, 545.404052734375, 233.993986189671, 0.0, 0.0, 1.0], "depth_scale": 1.0},
  "18": {"cam_K": [542.0634155273438, 0.0, 306.9838101301975, 0.0, 545.404052734375, 233.993986189671, 0.0, 0.0, 1.0], "depth_scale": 1.0},
  "19": {"cam_K": [542.0634155273438, 0.0, 306.9838101301975, 0.0, 545.404052734375, 233.993986189671, 0.0, 0.0, 1.0], "depth_scale": 1.0},
  "20": {"cam_K": [542.0634155273438, 0.0, 306.9838101301975, 0.0, 545.404052734375, 233.993986189671, 0.0, 0.0, 1.0], "depth_scale": 1.0},
  "21": {"cam_K": [542.0634155273438, 0.0, 306.9838101301975, 0.0, 545.404052734375, 233.993986189671, 0.0, 0.0, 1.0], "depth_scale": 1.0},
  "22": {"cam_K": [542.0634155273438, 0.0, 306.9838101301975, 0.0, 545.404052734375, 233.993986189671, 0.0, 0.0, 1.0], "depth_scale": 1.0},
  "23": {"cam_K": [542.0634155273438, 0.0, 306.9838101301975, 0.0, 545.404052734375, 233.993986189671, 0.0, 0.0, 1.0], "depth_scale": 1.0},
  "24": {"cam_K": [542.0634155273438, 0.0, 306.9838101301975, 0.0, 545.404052734375, 233.993986189671, 0.0, 0.0, 1.0], "depth_scale": 1.0},
  "25": {"cam_K": [542.0634155273438, 0.0, 306.9838101301975, 0.0, 545.404052734375, 233.993986189671, 0.0, 0.0, 1.0], "depth_scale": 1.0},
  "26": {"cam_K": [542.0634155273438, 0.0, 306.9838101301975, 0.0, 545.404052734375, 233.993986189671, 0.0, 0.0, 1.0], "depth_scale": 1.0},
  "27": {"cam_K": [542.0634155273438, 0.0, 306.9838101301975, 0.0, 545.404052734375, 233.993986189671, 0.0, 0.0, 1.0], "depth_scale": 1.0},
  "28": {"cam_K": [542.0634155273438, 0.0, 306.9838101301975, 0.0, 545.404052734375, 233.993986189671, 0.0, 0.0, 1.0], "depth_scale": 1.0},
  "29": {"cam_K": [542.0634155273438, 0.0, 306.9838101301975, 0.0, 545.404052734375, 233.993986189671, 0.0, 0.0, 1.0], "depth_scale": 1.0},
  "30": {"cam_K": [532.0530395507812, 0.0, 322.0786973823124, 0.0, 535.0120239257812, 236.8990432348401, 0.0, 0.0, 1.0], "depth_scale": 1.0},
  "31": {"cam_K": [532.0530395507812, 0.0, 322.0786973823124, 0.0, 535.0120239257812, 236.8990432348401, 0.0, 0.0, 1.0], "depth_scale": 1.0},
  "32": {"cam_K": [532.0530395507812, 0.0, 322.0786973823124, 0.0, 535.0120239257812, 236.8990432348401, 0.0, 0.0, 1.0], "depth_scale": 1.0},
  "33": {"cam_K": [532.0530395507812, 0.0, 322.0786973823124, 0.0, 535.0120239257812, 236.8990432348401, 0.0, 0.0, 1.0], "depth_scale": 1.0},
  "34": {"cam_K": [532.0530395507812, 0.0, 322.0786973823124, 0.0, 535.0120239257812, 236.8990432348401, 0.0, 0.0, 1.0], "depth_scale": 1.0},
  "35": {"cam_K": [532.0530395507812, 0.0, 322.0786973823124, 0.0, 535.0120239257812, 236.8990432348401, 0.0, 0.0, 1.0], "depth_scale": 1.0},
  "36": {"cam_K": [532.0530395507812, 0.0, 322.0786973823124, 0.0, 535.0120239257812, 236.8990432348401, 0.0, 0.0, 1.0], "depth_scale": 1.0},
  "37": {"cam_K": [532.0530395507812, 0.0, 322.0786973823124, 0.0, 535.0120239257812, 236.8990432348401, 0.0, 0.0, 1.0], "depth_scale": 1.0},
  "38": {"cam_K": [532.0530395507812, 0.0, 322.0786973823124, 0.0, 535.0120239257812, 236.8990432348401, 0.0, 0.0, 1.0], "depth_scale": 1.0},
  "39": {"cam_K": [532.0530395507812, 0.0, 322.0786973823124, 0.0, 535.0120239257812, 236.8990432348401, 0.0, 0.0, 1.0], "depth_scale": 1.0},
  "40": {"cam_K": [543.1073, 0.0, 321.086586, 0.0, 545.091675, 240.531268, 0.0, 0.0, 1.0], "depth_scale": 1.0},
  "41": {"cam_K": [543.1073, 0.0, 321.086586, 0.0, 545.091675, 240.531268, 0.0, 0.0, 1.0], "depth_scale": 1.0},
  "42": {"cam_K": [543.1073, 0.0, 321.086586, 0.0, 545.091675, 240.531268, 0.0, 0.0, 1.0], "depth_scale": 1.0},
  "43": {"cam_K": [543.1073, 0.0, 321.086586, 0.0, 545.091675, 240.531268, 0.0, 0.0, 1.0], "depth_scale": 1.0},
  "44": {"cam_K": [543.1073, 0.0, 321.086586, 0.0, 545.091675, 240.531268, 0.0, 0.0, 1.0], "depth_scale": 1.0},
  "45": {"cam_K": [543.1073, 0.0, 321.086586, 0.0, 545.091675, 240.531268, 0.0, 0.0, 1.0], "depth_scale": 1.0},
  "46": {"cam_K": [543.1073, 0.0, 321.086586, 0.0, 545.091675, 240.531268, 0.0, 0.0, 1.0], "depth_scale": 1.0},
  "47": {"cam_K": [543.1073, 0.0, 321.086586, 0.0, 545.091675, 240.531268, 0.0, 0.0, 1.0], "depth_scale": 1.0},
  "48": {"cam_K": [543.1073, 0.0, 321.086586, 0.0, 545.091675, 240.531268, 0.0, 0.0, 1.0], "depth_scale": 1.0},
  "49": {"cam_K": [543.1073, 0.0, 321.086586, 0.0, 545.091675, 240.531268, 0.0, 0.0, 1.0], "depth_scale": 1.0},
  "50": {"cam_K": [543.1073, 0.0, 321.086586, 0.0, 545.091675, 240.531268, 0.0, 0.0, 1.0], "depth_scale": 1.0},
  "51": {"cam_K": [543.1073, 0.0, 321.086586, 0.0, 545.091675, 240.531268, 0.0, 0.0, 1.0], "depth_scale": 1.0},
  "52": {"cam_K": [543.1073, 0.0, 321.086586, 0.0, 545.091675, 240.531268, 0.0, 0.0, 1.0], "depth_scale": 1.0},
  "53": {"cam_K": [543.1073, 0.0, 321.086586, 0.0, 545.091675, 240.531268, 0.0, 0.0, 1.0], "depth_scale": 1.0},
  "54": {"cam_K": [543.1073, 0.0, 321.086586, 0.0, 545.091675, 240.531268, 0.0, 0.0, 1.0], "depth_scale": 1.0},
  "55": {"cam_K": [543.1073, 0.0, 321.086586, 0.0, 545.091675, 240.531268, 0.0, 0.0, 1.0], "depth_scale": 1.0},
  "56": {"cam_K": [543.1073, 0.0, 321.086586, 0.0, 545.091675, 240.531268, 0.0, 0.0, 1.0], "depth_scale": 1.0},
  "57": {"cam_K": [543.1073, 0.0, 321.086586, 0.0, 545.091675, 240.531268, 0.0, 0.0, 1.0], "depth_scale": 1.0},
  "58": {"cam_K": [543.1073, 0.0, 321.086586, 0.0, 545.091675, 240.531268, 0.0, 0.0, 1.0], "depth_scale": 1.0},
  "59": {"cam_K": [543.1073, 0.0, 321.086586, 0.0, 545.091675, 240.531268, 0.0, 0.0, 1.0], "depth_scale": 1.0},
  "60": {"cam_K": [543.1073, 0.0, 321.086586, 0.0, 545.091675, 240.531268, 0.0, 0.0, 1.0], "depth_scale": 1.0},