{
  "0": [{"cam_R_m2c": [0.800527, 0.593945, 0.0799442, 0.370653, -0.385862, -0.844825, -0.470932, 0.705936, -0.52904], "cam_t_m2c": [24.640900000000002, -220.26399999999998, 909.3290000000001], "obj_id": 19}],
  "1": [{"cam_R_m2c": [0.800527, 0.593945, 0.0799442, 0.370653, -0.385862, -0.844825, -0.470932, 0.705936, -0.52904], "cam_t_m2c": [24.640900000000002, -220.26399999999998, 909.3290000000001], "obj_id": 19}],
  "2": [{"cam_R_m2c": [0.800527, 0.593945, 0.0799442, 0.370653, -0.385862, -0.844825, -0.470932, 0.705936, -0.52904], "cam_t_m2c": [24.640900000000002, -220.26399999999998, 909.3290000000001], "obj_id": 19}],
  "3": [{"cam_R_m2c": [0.800527, 0.593945, 0.0799442, 0.370653, -0.385862, -0.844825, -0.470932, 0.705936, -0.52904], "cam_t_m2c": [24.640900000000002, -220.26399999999998, 909.3290000000001], "obj_id": 19}],
  "4": [{"cam_R_m2c": [0.800527, 0.593945, 0.0799442, 0.370653, -0.385862, -0.844825, -0.470932, 0.705936, -0.52904], "cam_t_m2c": [24.640900000000002, -220.26399999999998, 909.3290000000001], "obj_id": 19}],
  "5": [{"cam_R_m2c": [-0.0371736, 0.938991, 0.341933, -0.706479, 0.217304, -0.673551, -0.706759, -0.266606, 0.655297], "cam_t_m2c": [146.383, -24.3658, 666.702], "obj_id": 19}],
  "6": [{"cam_R_m2c": [-0.0371736, 0.938991, 0.341933, -0.706479, 0.217304, -0.673551, -0.706759, -0.266606, 0.655297], "cam_t_m2c": [146.383, -24.3658, 666.702], "obj_id": 19}],
  "7": [{"cam_R_m2c": [-0.0371736, 0.938991, 0.341933, -0.706479, 0.217304, -0.673551, -0.706759, -0.266606, 0.655297], "cam_t_m2c": [146.383, -24.3658, 666.702], "obj_id": 19}],
  "8": [{"cam_R_m2c": [-0.0371736, 0.938991, 0.341933, -0.706479, 0.217304, -0.673551, -0.706759, -0.266606, 0.655297], "cam_t_m2c": [146.383, -24.3658, 666.702], "obj_id": 19}],
  "9": [{"cam_R_m2c": [-0.0371736, 0.938991, 0.341933, -0.706479, 0.217304, -0.673551, -0.706759, -0.266606, 0.655297], "cam_t_m2c": [146.383, -24.3658, 666.702], "obj_id": 19}],
  "10": [{"cam_R_m2c": [0.927282777857, -0.365631457737, 0.0803869788032, -0.105126517996, -0.460406771697, -0.88146260344, 0.359301355006, 0.808914499082, -0.4653646165], "cam_t_m2c": [135.90099999999998, -103.518, 662.0279999999999], "obj_id": 19}],
  "11": [{"cam_R_m2c": [0.927282777857, -0.365631457737, 0.0803869788032, -0.105126517996, -0.460406771697, -0.88146260344, 0.359301355006, 0.808914499082, -0.4653646165], "cam_t_m2c": [135.90099999999998, -103.518, 662.0279999999999], "obj_id": 19}],
  "12": [{"cam_R_m2c": [0.927282777857, -0.365631457737, 0.0803869788032, -0.105126517996, -0.460406771697, -0.88146260344, 0.359301355006, 0.808914499082, -0.4653646165], "cam_t_m2c": [135.90099999999998, -103.518, 662.0279999999999], "obj_id": 19}],
  "13": [{"cam_R_m2c": [0.927282777857, -0.365631457737, 0.0803869788032, -0.105126517996, -0.460406771697, -0.88146260344, 0.359301355006, 0.808914499082, -0.4653646165], "cam_t_m2c": [135.90099999999998, -103.518, 662.0279999999999], "obj_id": 19}],
  "14": [{"cam_R_m2c": [0.927282777857, -0.365631457737, 0.0803869788032, -0.105126517996, -0.460406771697, -0.88146260344, 0.359301355006, 0.808914499082, -0.4653646165], "cam_t_m2c": [135.90099999999998, -103.518, 662.0279999999999], "obj_id": 19}],
  "15": [{"cam_R_m2c": [-0.105492, 0.994337, 0.0131097, 0.648929, 0.078824, -0.756758, -0.753506, -0.071326, -0.653564], "cam_t_m2c": [20.8006, -242.41299999999998, 894.756], "obj_id": 19}],
  "16": [{"cam_R_m2c": [-0.105492, 0.994337, 0.0131097, 0.648929, 0.078824, -0.756758, -0.753506, -0.071326, -0.653564], "cam_t_m2c": [20.8006, -242.41299999999998, 894.756], "obj_id": 19}],
  "17": [{"cam_R_m2c": [-0.105492, 0.994337, 0.0131097, 0.648929, 0.078824, -0.756758, -0.753506, -0.071326, -0.653564], "cam_t_m2c": [20.8006, -242.41299999999998, 894.756], "obj_id": 19}],
  "18": [{"cam_R_m2c": [-0.105492, 0.994337, 0.0131097, 0.648929, 0.078824, -0.756758, -0.753506, -0.071326, -0.653564], "cam_t_m2c": [20.8006, -242.41299999999998, 894.756], "obj_id": 19}],
  "19": [{"cam_R_m2c": [-0.105492, 0.994337, 0.0131097, 0.648929, 0.078824, -0.756758, -0.753506, -0.071326, -0.653564], "cam_t_m2c": [20.8006, -242.41299999999998, 894.756], "obj_id": 19}],
  "20": [{"cam_R_m2c": [0.523556, -0.851375, 0.032443, -0.300641, -0.220244, -0.927963, 0.797187, 0.476085, -0.37127], "cam_t_m2c": [220.106, -176.364, 824.198], "obj_id": 19}],
  "21": [{"cam_R_m2c": [0.523556, -0.851375, 0.032443, -0.300641, -0.220244, -0.927963, 0.797187, 0.476085, -0.37127], "cam_t_m2c": [220.106, -176.364, 824.198], "obj_id": 19}],
  "22": [{"cam_R_m2c": [0.523556, -0.851375, 0.032443, -0.300641, -0.220244, -0.927963, 0.797187, 0.476085, -0.37127], "cam_t_m2c": [220.106, -176.364, 824.198], "obj_id": 19}],
  "23": [{"cam_R_m2c": [0.523556, -0.851375, 0.032443, -0.300641, -0.220244, -0.927963, 0.797187, 0.476085, -0.37127], "cam_t_m2c": [220.106, -176.364, 824.198], "obj_id": 19}],
  "24": [{"cam_R_m2c": [0.523556, -0.851375, 0.032443, -0.300641, -0.220244, -0.927963, 0.797187, 0.476085, -0.37127], "cam_t_m2c": [220.106, -176.364, 824.198], "obj_id": 19}],
  "25": [{"cam_R_m2c": [0.908910727746, 0.409387858852, -0.079272358903, 0.206295580636, -0.606669850384, -0.767721081876, -0.362387286853, 0.681436849544, -0.635864827041], "cam_t_m2c": [100.763, -85.34450000000001, 772.81], "obj_id": 19}],
  "26": [{"cam_R_m2c": [0.908910727746, 0.409387858852, -0.079272358903, 0.206295580636, -0.606669850384, -0.767721081876, -0.362387286853, 0.681436849544, -0.635864827041], "cam_t_m2c": [100.763, -85.34450000000001, 772.81], "obj_id": 19}],
  "27": [{"cam_R_m2c": [0.908910727746, 0.409387858852, -0.079272358903, 0.206295580636, -0.606669850384, -0.767721081876, -0.362387286853, 0.681436849544, -0.635864827041], "cam_t_m2c": [100.763, -85.34450000000001, 772.81], "obj_id": 19}],
  "28": [{"cam_R_m2c": [0.908910727746, 0.409387858852, -0.079272358903, 0.206295580636, -0.606669850384, -0.767721081876, -0.362387286853, 0.681436849544, -0.635864827041], "cam_t_m2c": [100.763, -85.34450000000001, 772.81], "obj_id": 19}],
  "29": [{"cam_R_m2c": [0.908910727746, 0.409387858852, -0.079272358903, 0.206295580636, -0.606669850384, -0.767721081876, -0.362387286853, 0.681436849544, -0.635864827041], "cam_t_m2c": [100.763, -85.34450000000001, 772.81], "obj_id": 19}],
  "30": [{"cam_R_m2c": [-0.375106, -0.926825, 0.0173074, -0.537575, 0.20228, -0.818598, 0.755192, -0.316364, -0.574111], "cam_t_m2c": [194.499, 33.7813, 656.989], "obj_id": 19}],
  "31": [{"cam_R_m2c": [-0.375106, -0.926825, 0.0173074, -0.537575, 0.20228, -0.818598, 0.755192, -0.316364, -0.574111], "cam_t_m2c": [194.499, 33.7813, 656.989], "obj_id": 19}],
  "32": [{"cam_R_m2c": [-0.375106, -0.926825, 0.0173074, -0.537575, 0.20228, -0.818598, 0.755192, -0.316364, -0.574111], "cam_t_m2c": [194.499, 33.7813, 656.989], "obj_id": 19}],
  "33": [{"cam_R_m2c": [-0.375106, -0.926825, 0.0173074, -0.537575, 0.20228, -0.818598, 0.755192, -0.316364, -0.574111], "cam_t_m2c": [194.499, 33.7813, 656.989], "obj_id": 19}],
  "34": [{"cam_R_m2c": [-0.375106, -0.926825, 0.0173074, -0.537575, 0.20228, -0.818598, 0.755192, -0.316364, -0.574111], "cam_t_m2c": [194.499, 33.7813, 656.989], "obj_id": 19}],
  "35": [{"cam_R_m2c": [-0.0715961, -0.996995, 0.0300098, -0.942591, 0.0774712, 0.324865, -0.326209, -0.0050272, -0.945299], "cam_t_m2c": [147.019, -165.23499999999999, 1057.4099999999999], "obj_id": 19}],
  "36": [{"cam_R_m2c": [-0.0715961, -0.996995, 0.0300098, -0.942591, 0.0774712, 0.324865, -0.326209, -0.0050272, -0.945299], "cam_t_m2c": [147.019, -165.23499999999999, 1057.4099999999999], "obj_id": 19}],
  "37": [{"cam_R_m2c": [-0.0715961, -0.996995, 0.0300098, -0.942591, 0.0774712, 0.324865, -0.326209, -0.0050272, -0.945299], "cam_t_m2c": [147.019, -165.23499999999999, 1057.4099999999999], "obj_id": 19}],
  "38": [{"cam_R_m2c": [-0.0715961, -0.996995, 0.0300098, -0.942591, 0.0774712, 0.324865, -0.326209, -0.0050272, -0.945299], "cam_t_m2c": [147.019, -165.23499999999999, 1057.4099999999999], "obj_id": 19}],